{"cameraMode":{"drawMode":0,"name":"Shaded","section":"Shading Mode"},"sceneLighting":false,"audioPlay":false,"sceneViewState":{"showFog":true,"showMaterialUpdate":false,"showSkybox":false,"showFlares":true,"showImageEffects":true,"showParticleSystems":true},"in2DMode":false,"pivot":{"x":-598.0953369140625,"y":-334.06951904296877,"z":-598.7899169921875},"rotation":{"x":0.07428938895463944,"y":-0.870311439037323,"z":0.4667953550815582,"w":0.13846924901008607},"size":7.743990898132324,"orthographic":false}