{"cameraMode":{"drawMode":0,"name":"Shaded","section":"Shading Mode"},"sceneLighting":false,"audioPlay":false,"sceneViewState":{"showFog":true,"showMaterialUpdate":false,"showSkybox":false,"showFlares":true,"showImageEffects":true,"showParticleSystems":true},"in2DMode":false,"pivot":{"x":20.348262786865236,"y":6.992947578430176,"z":14.562856674194336},"rotation":{"x":0.2610221803188324,"y":-0.6957147717475891,"z":0.3046788275241852,"w":0.5959036350250244},"size":3.259814500808716,"orthographic":false}