{"cameraMode":{"drawMode":0,"name":"Shaded","section":"Shading Mode"},"sceneLighting":true,"audioPlay":false,"sceneViewState":{"showFog":true,"showMaterialUpdate":false,"showSkybox":true,"showFlares":true,"showImageEffects":true,"showParticleSystems":true},"in2DMode":false,"pivot":{"x":71.72358703613281,"y":-5.464516639709473,"z":100.61759185791016},"rotation":{"x":0.2615137994289398,"y":0.6106920838356018,"z":-0.22372661530971528,"w":0.7132818102836609},"size":29.840391159057618,"orthographic":false}